Position,Grade Specific,Section Specific,House Specific
President,,,
Vice President,,,
Sports Captain,,,
Sports Vice Captain,,,
Grade Leader - 5 Beta,5,Beta,
Grade Leader - 5 Gamma,5,Gamma,
Grade Leader - 5 Delta,5,Delta,
Grade Leader - 6 Beta,6,Beta,
Grade Leader - 6 Gamma,6,Gamma,
Grade Leader - 6 Delta,6,Delta,
Phoenix House Captain,,,Phoenix
Phoenix House Vice Captain,,,Phoenix
Poseidon House Captain,,,Poseidon
Poseidon House Vice Captain,,,Poseidon
Hercules House Captain,,,Hercules
Hercules House Vice Captain,,,Hercules
Caesar House Captain,,,Caesar
Caesar House Vice Captain,,,Caesar